PRODUCTO,Categoria,Precio ,enlace imagen
Gel Excitante Vulcano INTT 15ml,Bienestar y Lubricantes,$19.990,https://http2.mlstatic.com/D_Q_NP_2X_816595-MLB89055572879_072025-P.webp
Aceite del Amor 22ml Frutilla,Bienestar y Lubricantes,$15.990,https://www.sexshoptouchme.cl/cdn/shop/files/1080-2023-09-09T123425.942.webp?v=1694273693&width=1024
Bolita Vaginal Fun Factory SMARTBALL UNO,Bienestar Sexual,$20.990,https://statics.promofarma.com/static/promofarma/prod/product_images/mr/3K3JR415_es_ES_0.jpeg
Anillo Vibrador Devol,Juguetes de Pareja,$16.990,https://http2.mlstatic.com/D_NQ_NP_842628-MLA99466338772_112025-O.webp
Vibrador Satisfyer Top Secret + con APP,Bienestar Sexual,$69.990,https://sexyshop.cl/cdn/shop/products/top3.jpg?v=1693322807
Anillo Vibrador Lingus,Juguetes de Pareja,$16.990,https://belove-ecommerce.s3.us-east-2.amazonaws.com/imagenes/productos/2711.png
Jardin Secreto,Bienestar Sexual,$29.990,https://cdnx.jumpseller.com/eroshopmayorista/image/15986605/thumb/540/540?1657655672
Dados Love Dice,Juegos y Novedades,$4.990,https://http2.mlstatic.com/D_NQ_NP_637661-CBT86984677533_062025-O.webp
Creative Kisses - Juego de Cartas,Juegos y Novedades,$14.990,https://http2.mlstatic.com/D_NQ_NP_846487-MLU79026776486_092024-O.webp
Gel Comestible Erotic Coco Starsex 30ml,Cosmética Erótica,$10.990,https://i5.walmartimages.cl/asr/a68f3760-1aee-44f8-b06e-a4a7c0d04d1b.99b5e06ed2f8126b91302ceadc271126.jpeg?odnHeight=612&odnWidth=612&odnBg=FFFFFF
Gel Comestible Erotic Uva Starsex 30ml,Cosmética Erótica,$10.990,https://www.starsex.cl/cdn/shop/products/starsex-cosmetica-gel-comestible-erotic-30-ml-30134840787133.jpg?v=1630339740
Gel Comestible Erotic Caramelo Starsex 30ml,Cosmética Erótica,$10.990,https://cl-cenco-pim-resizer.ecomm.cencosud.com/unsafe/adaptive-fit-in/3840x0/filters:quality(75)/prd-cl/product-medias/8a8eafa2-da74-44fd-9b40-cad5db7c4a20/MKEYS90IPR/MKEYS90IPR-1/1732673906354-MKEYS90IPR-1-2.png
Gel Comestible Erotic Frutilla Chocolate Starsex 30ml,Cosmética Erótica,$10.990,https://cl-cenco-pim-resizer.ecomm.cencosud.com/unsafe/adaptive-fit-in/3840x0/filters:quality(75)/prd-cl/product-medias/8a8eafa2-da74-44fd-9b40-cad5db7c4a20/MKWTUKTEB2/MKWTUKTEB2-1/1732839147628-MKWTUKTEB2-1-1.jpg
Gel Comestible Erotic Chocolate Starsex 30ml,Cosmética Erótica,$10.990,https://http2.mlstatic.com/D_NQ_NP_635667-MLA92298081406_092025-O.webp
Gel Comestible Erotic Frutilla Starsex 30ml,Cosmética Erótica,$10.990,https://i5.walmartimages.cl/asr/3ceb0d57-c64f-400e-97ce-30f1b5875efd.aaf00b881befd4f04463bce9e14ad18d.jpeg?odnHeight=612&odnWidth=612&odnBg=FFFFFF
Preservativos Sensor Plus - Colored,Salud e Higiene,$2.500,https://farmaciaelquimico.cl/cdn/shop/products/unnamed_11.jpg?v=1631042727
Lubricante Intimo INTT ICE Black a Base de Agua Sabor Menta,Bienestar y Lubricantes,$15.990,https://http2.mlstatic.com/D_NQ_NP_778384-MLC103024447247_122025-O.webp
Preservativos Sensor Plus - Anatomic,Salud e Higiene,$2.500,https://www.starsex.cl/cdn/shop/files/esan-accesorios-anatomic-sensor-plus-anatomic-40880094642409.jpg?v=1684170300
Liquid Virgin Rejuvenecedor Vaginal 30ml,Salud e Higiene,$24.990,https://cdnx.jumpseller.com/orgasmic/image/5636245/555221.jpg?1623078765
Conjunto Blossom Red M,Lencería,$15.990,https://cdnx.jumpseller.com/sexshop-mayorista/image/73327196/thumb/760/760?1771117895
Colaless Bordado y Tiras Rojo,Lencería,$5.990,https://cdnx.jumpseller.com/sexshop-mayorista/image/46251906/thumb/760/760?1709922992
Liguero De Encaje Floral Negro con Colaless M,Lencería,$7.990,https://cdnx.jumpseller.com/sexshop-mayorista/image/73327183/thumb/760/760?1771117847
Bralette Carlota,Lencería,$6.990,https://cdnx.jumpseller.com/sexshop-mayorista/image/53285710/thumb/760/760?1726256566
Conjunto Lenceria Strappynek Encaje Transparente Negro,Lencería,$15.990,https://cdnx.jumpseller.com/sexshop-mayorista/image/46317187/thumb/760/760?1710190111
Conjunto Blossom Red L,Lencería,$15.990,https://cdnx.jumpseller.com/sexshop-mayorista/image/73327196/thumb/760/760?1771117895
Funda de Pene estimulante,Juguetes de Pareja,$7.990,https://cdnx.jumpseller.com/secretos-de-amor-cl/image/32852816/thumb/1079/1079?1678131254
Funda Peneana Matias,Juguetes de Pareja,$5.990,https://sexyshop.cl/cdn/shop/files/Disenosintitulo-2023-08-26T211231.163.png?v=1693188773
Gel Blanqueador Anal Sachet,Anal,$7.990,https://cdnx.jumpseller.com/eroshopmayorista/image/6027234/thumb/540/540?1656966450
Gel Vaginal Abrazame,Bienestar y Lubricantes,$29.990,https://cdnx.jumpseller.com/secretos-de-amor-cl/image/4162102/resize/1200/630?1631565954
Sex Ruleta Romance,Juegos y Novedades,$10.990,https://atrevetemuco.cl/wp-content/uploads/2024/01/marriege-o.png
Gel Besable Fruit Sexy Intt Frutillas al Champagne,Bienestar y Lubricantes,$10.990,https://http2.mlstatic.com/D_NQ_NP_948676-MLC102535046520_122025-O.webp
Polvo de Miel Besable Kama Sutra 28grs coco/piña,Cosmética Erótica,$15.990,https://cdnx.jumpseller.com/eroshopmayorista/image/22359750/resize/540/540?1766775262
Corazón Preludio Sensual,Juegos y Novedades,$10.990,https://http2.mlstatic.com/D_NQ_NP_952092-MLC78649203079_082024-O.webp
Anillo vibrador reutilizable Starsex,Juguetes de Pareja,$9.990,https://cdnx.jumpseller.com/sexshop-mayorista/image/47333379/thumb/760/760?1712251727
Gel Anal Pocao Vo-Da-Ku INTT,Cosmética Erótica,$8.990,https://http2.mlstatic.com/D_NQ_NP_902989-MLU73692047411_122023-O.webp
Gel Astringente Pocao Da Virgem INTT,Cosmética Erótica,$8.990,https://http2.mlstatic.com/D_NQ_NP_808208-MLC54894145521_042023-O.webp
Lubricante Hybrid Sensuva Frutilla (Sachet),Bienestar y Lubricantes,$2.500,https://images.rappi.cl/products/1718482942419_1718482939180_1718482938502.jpg
Preservativos Sensor Plus - Ultra Sensible,Salud e Higiene,$2.500,https://lh4.googleusercontent.com/proxy/LSionwR6WZ9TStn5dWQR3FRgJPIFgOx9LTXMVHgWP0QcxgOEbRhXD3-YBLbvoh441cUbvVlSDRxpIT1oYrs8eIwLrCDPCJfnjCavYv2CDoTK7Gup3cSkqjXAJLX8T9hgVx8_HhAlyYrbx_zNNNdk_lCXpnrIRYJaiR6CkPi38vOyGM4OAruqiEPNq-AvSyQwnw
Preservativos Sensor Plus - THREE FEELS 3 en 1,Salud e Higiene,$2.500,https://http2.mlstatic.com/D_Q_NP_2X_632699-MLA96767222586_112025-P.webp
Preservativos Sensor Plus - Super Long XL,Salud e Higiene,$2.500,https://http2.mlstatic.com/D_Q_NP_2X_839157-MLA99852634463_112025-P.webp
Preservativos Sensor Plus - Tres Sabores,Salud e Higiene,$2.500,https://www.ecofarmacias.cl/wp-content/uploads/2019/06/Preservativo-Sensor-Sabores-x-3-unidades.jpg
Preservativos Sensor Plus - Fluorescente caja 3 unid.,Salud e Higiene,$2.500,https://www.ecofarmacias.cl/wp-content/uploads/2020/07/sensorplus-magic.jpg
Preservativos Sensor Plus - Long Love Retardante,Salud e Higiene,$2.500,https://www.ecofarmacias.cl/wp-content/uploads/2019/06/sensorplus-long-love.jpg
Preservativos Sensor Plus - Extra Resistente con Nonoxinol-9,Salud e Higiene,$2.500,https://http2.mlstatic.com/D_NQ_NP_799480-MLA97225055171_112025-O.webp
Preservativos Sensor Plus - Dotted,Salud e Higiene,$2.500,https://http2.mlstatic.com/D_NQ_NP_845171-MLA99903524041_112025-O.webp
Vela de Masaje Shunga Chocolate,Cuidado Corporal,$19.990,https://cdnx.jumpseller.com/eroshopmayorista/image/14696694/thumb/540/540?1700361462
Vela Comestible INTT Frutilla,Cosmética Erótica,$15.990,https://http2.mlstatic.com/D_NQ_NP_974028-MLU79300149553_092024-O.webp
POINT G Gel Excitante Unisex INTT,Cosmética Erótica,$8.990,https://http2.mlstatic.com/D_NQ_NP_765062-MLC83525360145_042025-O.webp
Peta Zeta Rock Candy - Sandía,Cosmética Erótica,$4.000,https://http2.mlstatic.com/D_NQ_NP_945050-MLC92703073581_092025-O.webp
Peta Zeta Rock Candy - Piña,Cosmética Erótica,$4.000,https://i5.walmartimages.cl/asr/36136f16-6bec-4ce3-995c-b0b13e84e78b.7817aeb25fc436e45b6fadae887c061c.jpeg?odnHeight=320&odnWidth=320&odnBg=FFFFFF
Peta Zeta Rock Candy - Mango,Cosmética Erótica,$4.000,https://http2.mlstatic.com/D_NQ_NP_942292-MLC74548730364_022024-O.webp
Peta Zeta Rock Candy - Uva,Cosmética Erótica,$4.000,https://cdnx.jumpseller.com/astrogrowshop/image/70609212/imagen_1_28885.webp?1765566497
Peta Zeta Rock Candy - Frutilla,Cosmética Erótica,$4.000,https://i5.walmartimages.cl/asr/84bdb473-0e62-43cf-9b3a-1343c86008f0.33f2e07ac33a66c53b07856b55e8e8a1.jpeg?odnHeight=612&odnWidth=612&odnBg=FFFFFF
Lubricante Sensuva Ultra Espeso Frutilla (Sachet),Bienestar y Lubricantes,$2.500,https://www.tiendaerotica.cl/wp-content/uploads/2026/02/SE-LUD-S6-Lubricante-ultra-espeso-base-de-agua-sabor-frutilla-sachet-6ml-Sensuva-Fg-01.jpg
Liquid Virgin Rejuvenecedor 2ml,Salud e Higiene,$4.990,https://http2.mlstatic.com/D_NQ_NP_653574-MLC83234428490_042025-O.webp
Gel Potenciador Pirocao Mágico INTT,Bienestar y Lubricantes,$8.990,https://http2.mlstatic.com/D_NQ_NP_888035-MLB50946122410_072022-O.webp
Gel Retardante Pocao do Tempo INTT,Bienestar y Lubricantes,$8.990,https://http2.mlstatic.com/D_Q_NP_629594-MLB74220120149_012024-O.webp
Gel Garganta Profunda Menta,Cosmética Erótica,$10.990,https://http2.mlstatic.com/D_NQ_NP_661039-MLC90485677239_082025-O.webp
Gel Garganta Profunda Frutilla,Cosmética Erótica,$10.990,https://http2.mlstatic.com/D_Q_NP_2X_681918-MLA99341494732_112025-P.webp
Gel Excitante Súper Macho INTT,Masculinos,$10.990,https://www.starsex.cl/cdn/shop/products/intt-cosmetica-gel-excitante-super-macho-19346884558998.jpg?v=1635438769
Feromona Masculino PureSex Maderoso 15ml,Perfumería,$15.990,https://http2.mlstatic.com/D_NQ_NP_979443-MLC94283050413_102025-O.webp
Feromona Pure Sex Masculina 30ml,Perfumería,$19.990,https://www.starsex.cl/cdn/shop/products/starsex-cosmetica-pure-sex-masculina-29874715230397.jpg?v=1724097586
Feromona Pure Sex Femenina 30ml,Perfumería,$19.990,https://www.starsex.cl/cdn/shop/products/starsex-cosmetica-pure-sex-femenina-18728634646678.jpg?v=1724097513
Feromona Femenino PureSex Dulce 15ml,Perfumería,$15.990,https://http2.mlstatic.com/D_NQ_NP_686558-MLA103864370277_012026-O.webp
Gel besable Chocolate INTT,Cosmética Erótica,$10.990,https://http2.mlstatic.com/D_Q_NP_627810-MLC47892596470_102021-O.webp
Gel besable Frutilla INTT,Cosmética Erótica,$10.990,https://i5.walmartimages.cl/asr/741b6d88-1b9f-4495-81da-49dd1a832942.f079e9a0b80ef0c1c6cda49d354136c9.jpeg?odnHeight=612&odnWidth=612&odnBg=FFFFFF
Conjunto vintage Negro L,Lencería,$15.990,https://cdnx.jumpseller.com/sexshop-mayorista/image/46246437/thumb/760/760?1709911033
Liguero Vintage,Lencería,$8.990,https://cdnx.jumpseller.com/sexshop-mayorista/image/46246437/thumb/760/760?1709911033
Sex!!! El juego para parejas,Juegos y Novedades,$15.990,https://coquetasexshop.cl/wp-content/uploads/2022/03/Juego-parejas-trios-cuartetos.png
Mi Primer Kit Anal (3 en 1),Anal,$19.990,https://cdnx.jumpseller.com/shoppingplusvalia/image/31145102/thumb/1000/1000?1674576730
Doble penetracion Jelly,Bienestar Sexual,$15.990,https://cdnx.jumpseller.com/sexshop-mayorista/image/40550807/thumb/760/760?1712678081
Dedal Vibrador,Bienestar Sexual,$19.990,https://cdnx.jumpseller.com/sexshop-mayorista/image/51286820/thumb/760/760?1722438705
Kit BDSM 10 Piezas Starsex Rojo,BDSM y Roles,$24.990,https://cdnx.jumpseller.com/sexshop-mayorista/image/64889524/thumb/760/760?1750887816
Kit BDSM 10 Piezas Starsex Negro,BDSM y Roles,$24.990,https://cdnx.jumpseller.com/sexshop-mayorista/image/64889491/thumb/760/760?1750887704
Kit de Sade Starsex,BDSM y Roles,$9.990,https://cdnx.jumpseller.com/sexshop-mayorista/image/40554767/thumb/760/760?1715178039
Bolis starsex Vibradoras e Inalámbricas,Salud y Suelo Pelvico,$31.990,https://www.starsex.cl/cdn/shop/products/starsex-juguetes-bolas-chinas-inalambricas-bolis-29869048496317.jpg?v=1684170949
Set de anillos para pene Donuts,Juguetes de Pareja,$7.990,https://www.starsex.cl/cdn/shop/products/starsex-juguetes-anillos-erector-donuts-starsex-29869871366333.jpg?v=1628345354
Feromona Enamor Starsex Masculina 30 ml,Perfumería,$15.990,https://www.starsex.cl/cdn/shop/products/starsex-cosmetica-feromonas-masculinas-enamor-29873006411965.jpg?v=1724098000
Plug Metálico Hello Kitty S,Anal,$15.990,https://http2.mlstatic.com/D_NQ_NP_943753-MLC77283585228_072024-O.webp
Kit Suave Sumisión Starsex,BDSM y Roles,$9.990,https://cdnx.jumpseller.com/sexshop-mayorista/image/40554456/thumb/760/760?1715202940
Fruti Lub Starsex (Sachet),Bienestar y Lubricantes,$2.000,https://http2.mlstatic.com/D_NQ_NP_756360-MLC82863570596_032025-O.webp
Choco Lub Starsex (Sachet),Bienestar y Lubricantes,$2.000,https://http2.mlstatic.com/D_Q_NP_981890-MLA83820996841_042025-O.webp
Lubricante Retardante Starsex (Sachet),Bienestar y Lubricantes,$2.500,https://www.starsex.cl/cdn/shop/products/starsex-cosmetica-lubricante-starsex-efecto-prolongado-18634772676758.jpg?v=1742489871
Chocolate Caliente Starsex (Sachet),Bienestar y Lubricantes,$2.000,https://http2.mlstatic.com/D_NQ_NP_988776-MLA92724719623_092025-O.webp
Bala Vibradora Conejin,Bienestar Sexual,$15.990,https://cdnx.jumpseller.com/secretos-de-amor-cl/image/6624751/thumb/1079/1079?1644112423
Polvo de Miel Besable Kama Sutra 28grs Frambuesa,Cosmética Erótica,$15.990,https://cdnx.jumpseller.com/eroshopmayorista/image/45090974/HD_1oz_Raspberry_Kiss__89930.jpg?1766775262
Lubricante Neutro SDA,Bienestar y Lubricantes,$15.990,https://i5.walmartimages.cl/asr/72e375ac-7a9e-47ce-8a70-6c4ca7ef6a92.ace3a53f9244550f47633a2408b8b267.png?odnHeight=2000&odnWidth=2000&odnBg=ffffff
Gel Estimulante Femenino Amazing,Cosmética Erótica,$24.990,https://japijane.cl/cdn/shop/products/LUB1010A-7648795033440-Secretos-de-Amor-Amazing-01-Japi-Jane.jpg?v=1629396132
Gel Anal Estimulante sensuva,Anal,$15.990,https://cl-cenco-pim-resizer.ecomm.cencosud.com/unsafe/adaptive-fit-in/792x1068/prd-cl/product-medias/41c35278-0706-4a41-9849-296e924593d0/MKWFXUBZFM/MKWFXUBZFM-1/1751425572655-MKWFXUBZFM-1-0.jpg
Crema Anal Confort sensuva,Anal,$15.990,https://cdnx.jumpseller.com/secretos-de-amor-cl/image/13145287/resize/1200/630?1610905247
Pintura Corporal Chocolate Shunga,Juegos y Novedades,$19.990,https://http2.mlstatic.com/D_NQ_NP_983847-MLC45526312105_042021-O.webp
Nipple Bálsamo Explosión Sour,Cosmética Erótica,$9.990,https://bmsenterprises.com/cdn/shop/products/CB902731-Nipple-Nibblers_1200x.jpg?v=1642778982
Nipple Bálsamo Refrescante,Cosmética Erótica,$9.990,https://encrypted-tbn0.gstatic.com/images?q=tbn:ANd9GcTsTlo4diU5SjizxSBFfJWb7ym8a1J5qZ4r8Q&s
Kit 5 Aceites de Masaje Kama Sutra,Kits y Regalos,$35.990,https://cdnx.jumpseller.com/secretos-de-amor-cl/image/15179176/thumb/1079/1079?1658348911
Lubricante Hot sabor Frutilla Intt,Bienestar y Lubricantes,$15.990,https://cl-cenco-pim-resizer.ecomm.cencosud.com/unsafe/adaptive-fit-in/3840x0/filters:quality(75)/prd-cl/product-medias/1ce4e111-a194-4e3f-8953-1b2325a7ab50/MKEXOBUQUO/MKEXOBUQUO-0/1698938655290-MKEXOBUQUO-0-2.png
Lubricante Efecto Frío Ice Black Intt,Bienestar y Lubricantes,$15.990,https://http2.mlstatic.com/D_NQ_NP_778384-MLC103024447247_122025-O.webp
Lubricante Base Agua Cálido Heat Wave,Bienestar y Lubricantes,$15.990,https://http2.mlstatic.com/D_NQ_NP_701844-MLC101309482670_122025-O.webp
Lubricantes Aroma Toko Cherry,Bienestar y Lubricantes,$25.990,https://http2.mlstatic.com/D_NQ_NP_881285-MLA91258658569_082025-O.webp
Gel Besable Fruit Sexy Intt Energético,Bienestar y Lubricantes,$10.990,https://http2.mlstatic.com/D_NQ_NP_670434-MLC103043329785_122025-O.webp
Gel Besable Fruit Sexy Intt Algodón Dulce,Bienestar y Lubricantes,$10.990,https://cdnx.jumpseller.com/eroshopmayorista/image/67630317/Fruit_20Algod_C3_A3o_20Doce.png?1758903555
Gel Besable Fruit Sexy Intt Frambuesa,Bienestar y Lubricantes,$10.990,https://http2.mlstatic.com/D_NQ_NP_740302-MLC103050635551_122025-O.webp
Gel Besable Fruit Sexy Intt Maracuyá,Bienestar y Lubricantes,$10.990,https://i5.walmartimages.cl/asr/ec552044-3ea4-4d4c-9020-5cb9c515775b.2516e890583efca7eecc518ac0c0145c.jpeg?odnHeight=2000&odnWidth=2000&odnBg=ffffff
Gel Estimulante Anal Beso Griego Intt,Bienestar y Lubricantes,$19.990,https://encrypted-tbn0.gstatic.com/images?q=tbn:ANd9GcTzqN_hkiN8Ud63daTRMczzhSpT51m_UeHklQ&s
Vibrador Plug Anal c/ Control PRETTYLOVE,Anal,$24.990,https://cdnx.jumpseller.com/secretos-de-amor-cl/image/5566463/thumb/1079/1079?1727293292
Fusta con Pluma Negro,BDSM y Roles,$6.990,"https://m.media-amazon.com/images/I/51ZuAEEA49L._AC_UF1000,1000_QL80_.jpg"
Pluma Traviesa,BDSM y Roles,$5.990,https://http2.mlstatic.com/D_NQ_NP_812406-MLC77932467543_072024-O.webp
Kit Kama Sutra TrustMe,Kits y Regalos,$33.990,https://i5.walmartimages.cl/asr/6fcd42db-49dc-4559-9939-3aed7c50f8ae.9ee4cbf597c3020bf1c9c3149bdd1727.jpeg?odnHeight=612&odnWidth=612&odnBg=FFFFFF
Nuevo Weekender Kit Frambuesa,Kits y Regalos,$25.990,https://http2.mlstatic.com/D_NQ_NP_940395-MLC76015327041_042024-O.webp
Vibrador Conejo Discretion LUX,Bienestar Sexual,$100.990,https://cdnx.jumpseller.com/eroshopmayorista/image/41965629/thumb/540/540?1699636708
Plug Anal Chrystalino Classic,Anal,$25.990,https://cdnx.jumpseller.com/eroshopmayorista/image/41962439/resize/540/540?1699630509
Ducha Anal Fantasy,Salud e Higiene,$29.990,https://cdnx.jumpseller.com/secretos-de-amor-cl/image/63932760/ZZZ.jpg?1748552908
Vibrador Anal Satisfyer Lolli Plug 2 Verde,Anal,$65.990,https://cdnx.jumpseller.com/eroshopmayorista/image/45345545/satisfyer-vibrador-anal-lolli-plug-2-verde-oscuro-1-64660.jpeg?1712331245
Satisfyer Dildo Doble Cristal,Bienestar Sexual,$60.990,https://encrypted-tbn0.gstatic.com/images?q=tbn:ANd9GcRVKJr39c8uJSu2uH6yunA_LVdpo_daUD6zaA&s
Satisfyer Layons Sweet Brown (Helado),Bienestar Sexual,$50.990,https://www.tiendaerotica.cl/wp-content/uploads/2021/05/Captura-de-pantalla-2021-05-20-a-las-16.48.55.png
Dildo Original Realístico Bicefalo Piel S (38 cms.),Bienestar Sexual,$35.990,https://i0.wp.com/www.moira.cl/wp-content/uploads/2021/02/22200005310-2_2000x.jpg?fit=1000%2C1000&ssl=1
Dados Eróticos Wooomy Ooo,Juegos y Novedades,$10.990,https://cdnx.jumpseller.com/secretos-de-amor-cl/image/69516876/IMG-20251110-WA0001.jpg?1762785487
Esponja Baño Vibratoria Amarilla,Cuidado Corporal,$6.990,https://cl-cenco-pim-resizer.ecomm.cencosud.com/unsafe/adaptive-fit-in/3840x0/filters:quality(75)/prd-cl/product-medias/41c35278-0706-4a41-9849-296e924593d0/MKZ4ED6PB7/MKZ4ED6PB7-1/1758915498567-MKZ4ED6PB7-1-2.jpg
Funda c/ Arnes vibrador,BDSM y Roles,$25.990,https://cdnx.jumpseller.com/eroshopmayorista/image/2043003/resize/540/540?1755275699
Copita Satisfyer Feel Secure,Salud e Higiene,$10.990,https://cl-cenco-pim-resizer.ecomm.cencosud.com/unsafe/adaptive-fit-in/792x1068/prd-cl/product-medias/df8c9140-5832-4d4c-b65c-b134fa165b7e/MKA873C5KF/MKA873C5KF-1/1704221168945-MKA873C5KF-1-1.png
Satisfyer Pro 2 Modern Blossom,Bienestar Sexual,$50.990,https://i5.walmartimages.cl/asr/68d61019-0ba5-43a5-8685-a74052c82f2b.897b1d496071a9eb5dd6e89b649b2222.jpeg?odnHeight=612&odnWidth=612&odnBg=FFFFFF
Satisfyer Men Heat Vibration,Masculinos,$69.990,https://http2.mlstatic.com/D_NQ_NP_607067-MLA99385378910_112025-O.webp
Satisfyer Pro 2 Gen 3 con APP,Bienestar Sexual,$85.990,https://www.fersex.cl/wp-content/uploads/2023/12/SKU-06-%E7%BA%A2%E8%89%B2APP.jpg
Satisfyer Yoni Power 2 (Bolas Kegel),Salud y Suelo Pelvico,$31.990,https://us-satisfyer.imb-images.com/cdn-cgi/image/onerror=redirect%2Cformat=auto/media/image/50/8f/7b/Satisfyer-Yoni-Power-2-lightblue-package_600x600@2x.png
Cable Satisfyer para carga USB Magnético,Accesorios,$10.990,https://m.media-amazon.com/images/I/51Qx9NxLWDL.jpg
Huevo Masturbador Satisfyer Modelos surtido,Masculinos,$10.990,https://cdnx.jumpseller.com/secretos-de-amor-cl/image/34858319/1080.webp?1683320341
Satisfyer Power Ring 2,Juguetes de Pareja,$30.990,https://www.sexshoptouchme.cl/cdn/shop/files/D_NQ_NP_2X_954205-MLU70623884840_072023-F.webp?v=1757709921
Satisfyer Pro Penguin,Bienestar Sexual,$59.990,https://cdnx.jumpseller.com/secretos-de-amor-cl/image/74883865/ASSET_MP_136328950.jfif?1773953500
Vibrador Aimi Rabbit,Bienestar Sexual,$70.990,https://cdnx.jumpseller.com/eroshopmayorista/image/41962591/resize/540/540?1699630927
Vibrador Satisfyer Master,Bienestar Sexual,$85.990,https://i5.walmartimages.cl/asr/0a8993b6-7bd4-4be5-b943-0813b109d11d.5b2ce8dd7017dc87a07d53399f8f631f.jpeg?odnHeight=612&odnWidth=612&odnBg=FFFFFF
Anillo Vibrador Chester PRETTYLOVE,Juguetes de Pareja,$15.990,https://cdnx.jumpseller.com/lorena-corrotea-sexshop/image/7670057/anillo-vibrador-chester.jpg?1581351822
Anillo Vibrador Desechable,Juguetes de Pareja,$6.990,https://japijane.cl/cdn/shop/products/JJ0037-Anillo-Atrevete-01-Japi-Jane.jpg?v=1722981219&width=1000
Kit Secretos de la Geisha Frutilla,Kits y Regalos,$35.990,https://http2.mlstatic.com/D_NQ_NP_890974-MLC93600738372_102025-O.webp
Vibrador Conejo Empuje y Perlas Vibratorias Giratorias PRETTYLOVE,Bienestar Sexual,$59.990,https://cdnx.jumpseller.com/eroshopmayorista/image/58857278/BW-500013-2_12.jpg?1736190799
Satisfyer Pro 2 Generación 2,Bienestar Sexual,$60.990,https://cdnx.jumpseller.com/secretos-de-amor-cl/image/47721861/MKQ864L5MC-0000-001.webp?1767573350
Satisfyer c/pulso de aire Curvy 1+ Red,Bienestar Sexual,$55.990,"https://m.media-amazon.com/images/I/51yHsdgb2IL._AC_UF1000,1000_QL80_.jpg"
Aceite de Masaje Kama Sutra con Feromonas SEX MAGNET,Cosmética Erótica,$17.990,https://cdnx.jumpseller.com/secretos-de-amor-cl/image/49719503/sexmagnet2ozmassageoil.webp?1718302144
Lubricante Base Agua Fresco Arctic Chill,Bienestar y Lubricantes,$15.990,https://i5.walmartimages.cl/asr/f3a896cd-d24c-479e-9cf6-ede309200c58.a05a45e8352bc53afaf1d5565241293e.jpeg?odnHeight=612&odnWidth=612&odnBg=FFFFFF
Crema Dragón Shunga,Cosmética Erótica,$34.990,https://encrypted-tbn0.gstatic.com/images?q=tbn:ANd9GcS19T33uwo68YxxxiWs3dDHCkpHKkVAPTp31A&s
Vibrador c/ pulso de aire Satisfyer Curvy 2 +,Bienestar Sexual,$65.990,https://cdnx.jumpseller.com/secretos-de-amor-cl/image/74667000/resize/306/306?1773855762
Satisfyer Pro 2 Generación 2 Violeta,Bienestar Sexual,$60.990,https://cdnx.jumpseller.com/eroshopmayorista/image/59533847/thumb/540/540?1737984864
Vibrador Satisfyer Sexy Secret Panty con App,Bienestar Sexual,$79.990,"https://m.media-amazon.com/images/I/51DB1dYvyyL._AC_UF1000,1000_QL80_.jpg"
BJ Blast Dulce Burbujeante petazeta (sabor: frutilla),Cosmética Erótica,$4.500,https://encrypted-tbn0.gstatic.com/images?q=tbn:ANd9GcQ7oqDw3IbopN3lIc0l2pLlyQM0XlBj4pqbFQ&s
BJ Blast Dulce Burbujeante petazeta (sabor: manzana),Cosmética Erótica,$4.500,https://http2.mlstatic.com/D_NQ_NP_846111-MLC86695211352_062025-O.webp
Potenciador Masculino OH,Cosmética Erótica,$18.990,https://http2.mlstatic.com/D_NQ_NP_665042-MLC92252506631_092025-O.webp
Pezoneras de Dulce Candy,Juegos y Novedades,$15.990,https://cdnx.jumpseller.com/secretos-de-amor-cl/image/10843107/thumb/1079/1079?1613128739
Lubricante Amor Liquido - Clásico Neutro 100ml,Bienestar y Lubricantes,$18.990,https://cdnx.jumpseller.com/secretos-de-amor-cl/image/40814458/10210.jpeg?1764191940
Vibrador de Pulso de Aire Fun Factory DESIRE,Bienestar Sexual,$39.990,https://cdnx.jumpseller.com/eroshopmayorista/image/74487037/thumb/540/540?1773170321
Vibrador / Succionador Satisfyer Pro+ Punto G,Bienestar Sexual,$59.990,https://cdnx.jumpseller.com/eroshopmayorista/image/71660303/thumb/540/540?1767988797
Vibrador Pulso de Aire Fun Factory BELLE,Bienestar Sexual,$39.990,https://cdnx.jumpseller.com/eroshopmayorista/image/74517981/thumb/540/540?1773254496